id, username, firstname, lastname, email, password
200000000, polywertz, sathira, williams, sathira.williams@gmail.com, password
200000001, Johny67, John, Wick, johnyFordog@gmail.com, johhan12#4
200000003,Sathira,Sathira ,Williams,Sathira@gmail.com,Bjsx3cx2!200000004,null,null,null,null,testpassword
200000004,null,null,null,null,testpassword
200000005,null,null,null,null,testpassword
200000006,null,null,null,null,testpassword
200000007,null,null,null,null,testpassword
200000008,null,null,null,null,testpassword
200000009,null,null,null,null,testpassword
200000010,null,null,null,null,testpassword
200000011,null,null,null,null,testpassword
200000012,null,null,null,null,testpassword
200000013,null,null,null,null,testpassword
200000014,null,null,null,null,testpassword
200000015,null,null,null,null,testpassword
200000016,null,null,null,null,testpassword
200000017,null,null,null,null,testpassword
200000018,null,null,null,null,testpassword
200000019,null,null,null,null,testpassword
200000020,null,null,null,null,testpassword
200000021,null,null,null,null,testpassword
200000022,null,null,null,null,testpassword
200000023,null,null,null,null,testpassword
200000024,null,null,null,null,testpassword
200000025,null,null,null,null,testpassword
200000026,null,null,null,null,testpassword
200000027,null,null,null,null,testpassword
200000028,null,null,null,null,testpassword
200000029,null,null,null,null,testpassword
200000030,null,null,null,null,testpassword
